"Label (Grouping)","Alameda County, California!!Estimate","Alameda County, California!!Percent","Butte County, California!!Estimate","Butte County, California!!Percent","Contra Costa County, California!!Estimate","Contra Costa County, California!!Percent","El Dorado County, California!!Estimate","El Dorado County, California!!Percent","Fresno County, California!!Estimate","Fresno County, California!!Percent","Humboldt County, California!!Estimate","Humboldt County, California!!Percent","Imperial County, California!!Estimate","Imperial County, California!!Percent","Kern County, California!!Estimate","Kern County, California!!Percent","Kings County, California!!Estimate","Kings County, California!!Percent","Lake County, California!!Estimate","Lake County, California!!Percent","Los Angeles County, California!!Estimate","Los Angeles County, California!!Percent","Madera County, California!!Estimate","Madera County, California!!Percent","Marin County, California!!Estimate","Marin County, California!!Percent","Mendocino County, California!!Estimate","Mendocino County, California!!Percent","Merced County, California!!Estimate","Merced County, California!!Percent","Monterey County, California!!Estimate","Monterey County, California!!Percent","Napa County, California!!Estimate","Napa County, California!!Percent","Nevada County, California!!Estimate","Nevada County, California!!Percent","Orange County, California!!Estimate","Orange County, California!!Percent","Placer County, California!!Estimate","Placer County, California!!Percent","Riverside County, California!!Estimate","Riverside County, California!!Percent","Sacramento County, California!!Estimate","Sacramento County, California!!Percent","San Bernardino County, California!!Estimate","San Bernardino County, California!!Percent","San Diego County, California!!Estimate","San Diego County, California!!Percent","San Francisco County, California!!Estimate","San Francisco County, California!!Percent","San Joaquin County, California!!Estimate","San Joaquin County, California!!Percent","San Luis Obispo County, California!!Estimate","San Luis Obispo County, California!!Percent","San Mateo County, California!!Estimate","San Mateo County, California!!Percent","Santa Barbara County, California!!Estimate","Santa Barbara County, California!!Percent","Santa Clara County, California!!Estimate","Santa Clara County, California!!Percent","Santa Cruz County, California!!Estimate","Santa Cruz County, California!!Percent","Shasta County, California!!Estimate","Shasta County, California!!Percent","Solano County, California!!Estimate","Solano County, California!!Percent","Sonoma County, California!!Estimate","Sonoma County, California!!Percent","Stanislaus County, California!!Estimate","Stanislaus County, California!!Percent","Sutter County, California!!Estimate","Sutter County, California!!Percent","Tulare County, California!!Estimate","Tulare County, California!!Percent","Ventura County, California!!Estimate","Ventura County, California!!Percent","Yolo County, California!!Estimate","Yolo County, California!!Percent","Yuba County, California!!Estimate","Yuba County, California!!Percent"
"SEX AND AGE","","","","","","","","","","","","","","","","","","","","","","","","","","","","","","","","","","","","","","","","","","","","","","","","","","","","","","","","","","","","","","","","","","","","","","","","","","","","","","","",""
"    Total population","1,663,190","1,663,190","229,294","229,294","1,147,439","1,147,439","188,987","188,987","989,255","989,255","136,754","136,754","182,830","182,830","893,119","893,119","150,101","150,101","64,246","64,246","10,163,507","10,163,507","156,890","156,890","260,955","260,955","88,018","88,018","272,673","272,673","437,907","437,907","140,973","140,973","99,814","99,814","3,190,400","3,190,400","386,166","386,166","2,423,266","2,423,266","1,530,615","1,530,615","2,157,404","2,157,404","3,337,685","3,337,685","884,363","884,363","745,424","745,424","283,405","283,405","771,410","771,410","448,150","448,150","1,938,153","1,938,153","275,897","275,897","179,921","179,921","445,458","445,458","504,217","504,217","547,899","547,899","96,648","96,648","464,493","464,493","854,223","854,223","219,116","219,116","77,031","77,031"
"        Male","818,161","49.2%","113,399","49.5%","560,717","48.9%","94,491","50.0%","493,189","49.9%","67,579","49.4%","93,017","50.9%","456,997","51.2%","82,876","55.2%","32,225","50.2%","5,009,571","49.3%","76,090","48.5%","127,518","48.9%","43,723","49.7%","138,191","50.7%","222,781","50.9%","69,965","49.6%","49,725","49.8%","1,575,092","49.4%","188,031","48.7%","1,206,077","49.8%","748,070","48.9%","1,073,651","49.8%","1,679,410","50.3%","450,429","50.9%","370,466","49.7%","143,319","50.6%","380,541","49.3%","224,368","50.1%","979,156","50.5%","137,241","49.7%","88,734","49.3%","221,435","49.7%","245,852","48.8%","272,365","49.7%","49,288","51.0%","232,455","50.0%","423,228","49.5%","106,261","48.5%","39,729","51.6%"
"        Female","845,029","50.8%","115,895","50.5%","586,722","51.1%","94,496","50.0%","496,066","50.1%","69,175","50.6%","89,813","49.1%","436,122","48.8%","67,225","44.8%","32,021","49.8%","5,153,936","50.7%","80,800","51.5%","133,437","51.1%","44,295","50.3%","134,482","49.3%","215,126","49.1%","71,008","50.4%","50,089","50.2%","1,615,308","50.6%","198,135","51.3%","1,217,189","50.2%","782,545","51.1%","1,083,753","50.2%","1,658,275","49.7%","433,934","49.1%","374,958","50.3%","140,086","49.4%","390,869","50.7%","223,782","49.9%","958,997","49.5%","138,656","50.3%","91,187","50.7%","224,023","50.3%","258,365","51.2%","275,534","50.3%","47,360","49.0%","232,038","50.0%","430,995","50.5%","112,855","51.5%","37,302","48.4%"
"        Sex ratio (males per 100 females)","96.8","(X)","97.8","(X)","95.6","(X)","100.0","(X)","99.4","(X)","97.7","(X)","103.6","(X)","104.8","(X)","123.3","(X)","100.6","(X)","97.2","(X)","94.2","(X)","95.6","(X)","98.7","(X)","102.8","(X)","103.6","(X)","98.5","(X)","99.3","(X)","97.5","(X)","94.9","(X)","99.1","(X)","95.6","(X)","99.1","(X)","101.3","(X)","103.8","(X)","98.8","(X)","102.3","(X)","97.4","(X)","100.3","(X)","102.1","(X)","99.0","(X)","97.3","(X)","98.8","(X)","95.2","(X)","98.8","(X)","104.1","(X)","100.2","(X)","98.2","(X)","94.2","(X)","106.5","(X)"
"    Under 5 years","97,510","5.9%","12,387","5.4%","65,195","5.7%","8,675","4.6%","77,903","7.9%","7,407","5.4%","15,444","8.4%","70,378","7.9%","11,683","7.8%","2,646","4.1%","617,979","6.1%","11,113","7.1%","12,127","4.6%","5,141","5.8%","21,350","7.8%","31,362","7.2%","7,035","5.0%","3,901","3.9%","187,161","5.9%","20,324","5.3%","158,849","6.6%","99,254","6.5%","154,036","7.1%","212,131","6.4%","39,846","4.5%","52,675","7.1%","13,091","4.6%","43,131","5.6%","28,062","6.3%","117,712","6.1%","13,608","4.9%","10,389","5.8%","26,770","6.0%","25,341","5.0%","39,266","7.2%","6,471","6.7%","38,472","8.3%","51,395","6.0%","12,282","5.6%","5,981","7.8%"
"    5 to 9 years","95,464","5.7%","14,888","6.5%","71,692","6.2%","9,547","5.1%","79,267","8.0%","7,419","5.4%","13,508","7.4%","74,619","8.4%","11,068","7.4%","4,364","6.8%","594,917","5.9%","12,037","7.7%","15,685","6.0%","5,428","6.2%","21,753","8.0%","32,088","7.3%","7,400","5.2%","5,194","5.2%","186,337","5.8%","25,470","6.6%","165,518","6.8%","104,808","6.8%","156,269","7.2%","192,124","5.8%","28,763","3.3%","58,014","7.8%","15,170","5.4%","47,211","6.1%","28,791","6.4%","114,968","5.9%","12,556","4.6%","9,267","5.2%","27,309","6.1%","30,047","6.0%","42,508","7.8%","6,439","6.7%","40,560","8.7%","52,356","6.1%","12,503","5.7%","6,496","8.4%"
"    10 to 14 years","96,591","5.8%","10,780","4.7%","77,717","6.8%","12,387","6.6%","80,217","8.1%","6,747","4.9%","15,334","8.4%","72,566","8.1%","11,675","7.8%","4,038","6.3%","631,286","6.2%","12,219","7.8%","14,543","5.6%","5,172","5.9%","23,504","8.6%","33,153","7.6%","9,564","6.8%","4,626","4.6%","207,297","6.5%","24,774","6.4%","183,414","7.6%","99,906","6.5%","163,387","7.6%","206,379","6.2%","33,359","3.8%","57,827","7.8%","13,711","4.8%","43,816","5.7%","26,997","6.0%","127,011","6.6%","18,574","6.7%","12,056","6.7%","28,217","6.3%","27,149","5.4%","41,062","7.5%","7,940","8.2%","41,739","9.0%","59,951","7.0%","13,597","6.2%","5,639","7.3%"
"    15 to 19 years","93,702","5.6%","15,843","6.9%","72,842","6.3%","11,543","6.1%","71,221","7.2%","9,957","7.3%","13,147","7.2%","67,405","7.5%","10,999","7.3%","2,980","4.6%","642,545","6.3%","11,089","7.1%","15,815","6.1%","4,738","5.4%","23,334","8.6%","31,303","7.1%","9,247","6.6%","5,337","5.3%","206,547","6.5%","23,897","6.2%","178,096","7.3%","94,415","6.2%","158,547","7.3%","207,629","6.2%","30,589","3.5%","54,801","7.4%","23,484","8.3%","40,505","5.3%","37,031","8.3%","114,277","5.9%","21,689","7.9%","11,702","6.5%","26,995","6.1%","30,049","6.0%","40,171","7.3%","6,231","6.4%","36,134","7.8%","57,427","6.7%","22,555","10.3%","4,873","6.3%"
"    20 to 24 years","101,870","6.1%","24,295","10.6%","68,882","6.0%","9,553","5.1%","72,114","7.3%","12,947","9.5%","14,143","7.7%","65,714","7.4%","11,553","7.7%","2,189","3.4%","721,661","7.1%","11,015","7.0%","11,150","4.3%","4,706","5.3%","20,679","7.6%","31,483","7.2%","9,113","6.5%","3,805","3.8%","215,720","6.8%","20,425","5.3%","169,777","7.0%","97,826","6.4%","167,212","7.8%","256,682","7.7%","49,281","5.6%","51,533","6.9%","28,938","10.2%","41,187","5.3%","50,132","11.2%","119,882","6.2%","28,063","10.2%","10,050","5.6%","29,530","6.6%","28,899","5.7%","37,741","6.9%","5,704","5.9%","33,580","7.2%","58,719","6.9%","30,023","13.7%","4,380","5.7%"
"    25 to 34 years","277,096","16.7%","29,298","12.8%","146,524","12.8%","18,976","10.0%","151,781","15.3%","16,864","12.3%","26,875","14.7%","139,012","15.6%","26,108","17.4%","6,788","10.6%","1,639,556","16.1%","22,530","14.4%","22,840","8.8%","10,706","12.2%","39,802","14.6%","63,128","14.4%","17,295","12.3%","9,666","9.7%","461,007","14.4%","42,555","11.0%","336,737","13.9%","240,672","15.7%","327,565","15.2%","549,650","16.5%","207,492","23.5%","104,130","14.0%","32,239","11.4%","114,948","14.9%","59,383","13.3%","311,887","16.1%","33,348","12.1%","22,294","12.4%","65,557","14.7%","66,635","13.2%","80,217","14.6%","14,657","15.2%","66,334","14.3%","113,653","13.3%","29,511","13.5%","12,374","16.1%"
"    35 to 44 years","248,521","14.9%","25,783","11.2%","153,578","13.4%","21,815","11.5%","123,214","12.5%","18,262","13.4%","22,081","12.1%","113,052","12.7%","20,181","13.4%","7,792","12.1%","1,388,427","13.7%","20,099","12.8%","31,176","11.9%","10,288","11.7%","33,294","12.2%","57,309","13.1%","17,973","12.7%","11,253","11.3%","414,137","13.0%","49,674","12.9%","308,515","12.7%","201,246","13.1%","276,420","12.8%","444,445","13.3%","138,769","15.7%","96,899","13.0%","30,008","10.6%","110,336","14.3%","50,396","11.2%","280,115","14.5%","32,770","11.9%","19,255","10.7%","55,779","12.5%","62,955","12.5%","68,288","12.5%","11,319","11.7%","57,893","12.5%","105,819","12.4%","25,976","11.9%","10,362","13.5%"
"    45 to 54 years","225,121","13.5%","24,752","10.8%","164,563","14.3%","25,663","13.6%","112,141","11.3%","15,075","11.0%","19,747","10.8%","101,516","11.4%","17,563","11.7%","8,419","13.1%","1,375,896","13.5%","18,130","11.6%","41,081","15.7%","10,081","11.5%","30,999","11.4%","51,252","11.7%","18,326","13.0%","11,628","11.6%","455,398","14.3%","52,804","13.7%","306,752","12.7%","195,465","12.8%","267,486","12.4%","419,286","12.6%","118,360","13.4%","92,897","12.5%","31,876","11.2%","108,492","14.1%","49,690","11.1%","270,160","13.9%","34,642","12.6%","21,990","12.2%","57,436","12.9%","64,552","12.8%","66,482","12.1%","11,517","11.9%","51,551","11.1%","115,495","13.5%","23,386","10.7%","8,495","11.0%"
"    55 to 59 years","105,179","6.3%","14,109","6.2%","80,631","7.0%","16,037","8.5%","50,401","5.1%","9,819","7.2%","9,385","5.1%","49,160","5.5%","7,098","4.7%","4,760","7.4%","634,012","6.2%","8,402","5.4%","20,958","8.0%","7,090","8.1%","15,390","5.6%","24,635","5.6%","9,524","6.8%","8,437","8.5%","216,984","6.8%","27,317","7.1%","146,229","6.0%","95,612","6.2%","132,592","6.1%","209,581","6.3%","51,475","5.8%","42,239","5.7%","19,495","6.9%","51,664","6.7%","25,084","5.6%","121,747","6.3%","19,608","7.1%","12,750","7.1%","28,611","6.4%","34,894","6.9%","33,916","6.2%","6,235","6.5%","26,327","5.7%","62,069","7.3%","12,691","5.8%","5,412","7.0%"
"    60 to 64 years","97,965","5.9%","15,736","6.9%","70,151","6.1%","16,334","8.6%","52,476","5.3%","9,162","6.7%","9,562","5.2%","44,722","5.0%","7,263","4.8%","6,031","9.4%","573,267","5.6%","9,043","5.8%","18,780","7.2%","5,661","6.4%","12,674","4.6%","24,372","5.6%","9,436","6.7%","9,512","9.5%","182,781","5.7%","25,009","6.5%","129,007","5.3%","92,125","6.0%","111,178","5.2%","185,250","5.6%","50,204","5.7%","40,967","5.5%","20,287","7.2%","47,913","6.2%","26,174","5.8%","105,247","5.4%","18,041","6.5%","13,572","7.5%","31,971","7.2%","38,753","7.7%","27,425","5.0%","5,589","5.8%","20,971","4.5%","49,627","5.8%","10,125","4.6%","4,435","5.8%"
"    65 to 74 years","132,774","8.0%","24,221","10.6%","103,843","9.0%","24,079","12.7%","69,557","7.0%","14,627","10.7%","13,229","7.2%","58,189","6.5%","8,760","5.8%","8,621","13.4%","765,983","7.5%","13,639","8.7%","32,820","12.6%","12,039","13.7%","16,611","6.1%","33,890","7.7%","15,565","11.0%","16,407","16.4%","260,037","8.2%","42,014","10.9%","194,477","8.0%","123,294","8.1%","148,049","6.9%","263,599","7.9%","74,961","8.5%","55,426","7.4%","33,254","11.7%","69,840","9.1%","36,653","8.2%","142,990","7.4%","27,744","10.1%","21,676","12.0%","41,315","9.3%","58,211","11.5%","42,117","7.7%","7,907","8.2%","30,781","6.6%","74,017","8.7%","15,686","7.2%","5,461","7.1%"
"    75 to 84 years","62,595","3.8%","11,666","5.1%","50,100","4.4%","10,814","5.7%","32,225","3.3%","5,912","4.3%","7,555","4.1%","27,191","3.0%","4,749","3.2%","4,362","6.8%","385,916","3.8%","5,400","3.4%","16,822","6.4%","4,764","5.4%","10,260","3.8%","16,423","3.8%","7,828","5.6%","6,977","7.0%","134,387","4.2%","23,152","6.0%","107,017","4.4%","59,554","3.9%","67,760","3.1%","128,200","3.8%","38,973","4.4%","27,104","3.6%","15,750","5.6%","32,998","4.3%","19,169","4.3%","77,944","4.0%","9,954","3.6%","11,105","6.2%","18,839","4.2%","25,766","5.1%","20,930","3.8%","5,234","5.4%","13,177","2.8%","35,946","4.2%","7,323","3.3%","2,314","3.0%"
"    85 years and over","28,802","1.7%","5,536","2.4%","21,721","1.9%","3,564","1.9%","16,738","1.7%","2,556","1.9%","2,820","1.5%","9,595","1.1%","1,401","0.9%","1,256","2.0%","192,062","1.9%","2,174","1.4%","7,158","2.7%","2,204","2.5%","3,023","1.1%","7,509","1.7%","2,667","1.9%","3,071","3.1%","62,607","2.0%","8,751","2.3%","38,878","1.6%","26,438","1.7%","26,903","1.2%","62,729","1.9%","22,291","2.5%","10,912","1.5%","6,102","2.2%","19,369","2.5%","10,588","2.4%","34,213","1.8%","5,300","1.9%","3,815","2.1%","7,129","1.6%","10,966","2.2%","7,776","1.4%","1,405","1.5%","6,974","1.5%","17,749","2.1%","3,458","1.6%","809","1.1%"
"    Median age (years)","37.6","(X)","37.3","(X)","39.7","(X)","45.7","(X)","32.3","(X)","39.9","(X)","32.5","(X)","31.6","(X)","32.2","(X)","47.3","(X)","36.6","(X)","34.1","(X)","46.7","(X)","42.7","(X)","31.4","(X)","34.3","(X)","41.4","(X)","51.3","(X)","37.9","(X)","42.1","(X)","35.6","(X)","36.3","(X)","33.4","(X)","35.8","(X)","38.3","(X)","34.3","(X)","39.6","(X)","39.9","(X)","33.8","(X)","37.1","(X)","37.8","(X)","42.2","(X)","37.8","(X)","41.8","(X)","34.1","(X)","35.8","(X)","30.9","(X)","38.2","(X)","31.0","(X)","34.0","(X)"
"    Under 18 years","344,662","20.7%","45,869","20.0%","262,014","22.8%","37,749","20.0%","281,683","28.5%","26,095","19.1%","52,551","28.7%","259,222","29.0%","40,967","27.3%","13,168","20.5%","2,224,905","21.9%","42,580","27.1%","52,268","20.0%","18,921","21.5%","80,514","29.5%","115,143","26.3%","29,484","20.9%","17,283","17.3%","705,999","22.1%","86,249","22.3%","616,210","25.4%","364,311","23.8%","571,670","26.5%","728,528","21.8%","118,584","13.4%","203,135","27.3%","50,790","17.9%","160,264","20.8%","99,712","22.2%","430,081","22.2%","53,426","19.4%","38,695","21.5%","99,059","22.2%","99,696","19.8%","148,237","27.1%","25,064","25.9%","143,725","30.9%","198,663","23.3%","46,228","21.1%","21,041","27.3%"
"    16 years and over","1,355,096","81.5%","188,525","82.2%","916,424","79.9%","156,751","82.9%","736,573","74.5%","113,328","82.9%","134,810","73.7%","662,150","74.1%","114,256","76.1%","52,859","82.3%","8,197,133","80.7%","119,715","76.3%","214,244","82.1%","71,299","81.0%","201,200","73.8%","336,234","76.8%","115,679","82.1%","85,135","85.3%","2,566,368","80.4%","309,403","80.1%","1,881,422","77.6%","1,205,345","78.7%","1,652,005","76.6%","2,690,857","80.6%","777,887","88.0%","565,235","75.8%","238,518","84.2%","628,474","81.5%","359,781","80.3%","1,556,065","80.3%","228,648","82.9%","145,732","81.0%","357,938","80.4%","416,339","82.6%","416,050","75.9%","74,515","77.1%","335,280","72.2%","678,464","79.4%","178,343","81.4%","57,949","75.2%"
"    18 years and over","1,318,528","79.3%","183,425","80.0%","885,425","77.2%","151,238","80.0%","707,572","71.5%","110,659","80.9%","130,279","71.3%","633,897","71.0%","109,134","72.7%","51,078","79.5%","7,938,602","78.1%","114,310","72.9%","208,687","80.0%","69,097","78.5%","192,159","70.5%","322,764","73.7%","111,489","79.1%","82,531","82.7%","2,484,401","77.9%","299,917","77.7%","1,807,056","74.6%","1,166,304","76.2%","1,585,734","73.5%","2,609,157","78.2%","765,779","86.6%","542,289","72.7%","232,615","82.1%","611,146","79.2%","348,438","77.8%","1,508,072","77.8%","222,471","80.6%","141,226","78.5%","346,399","77.8%","404,521","80.2%","399,662","72.9%","71,584","74.1%","320,768","69.1%","655,560","76.7%","172,888","78.9%","55,990","72.7%"
"    21 years and over","1,258,770","75.7%","170,145","74.2%","846,039","73.7%","144,986","76.7%","666,433","67.4%","100,707","73.6%","122,100","66.8%","593,907","66.5%","103,058","68.7%","49,739","77.4%","7,526,538","74.1%","107,350","68.4%","201,138","77.1%","66,574","75.6%","177,817","65.2%","303,122","69.2%","105,487","74.8%","80,332","80.5%","2,360,250","74.0%","287,751","74.5%","1,702,426","70.3%","1,114,407","72.8%","1,490,519","69.1%","2,469,893","74.0%","745,341","84.3%","510,450","68.5%","211,870","74.8%","588,309","76.3%","314,110","70.1%","1,442,704","74.4%","201,268","73.0%","134,397","74.7%","329,128","73.9%","386,262","76.6%","377,434","68.9%","68,574","71.0%","299,769","64.5%","621,147","72.7%","149,912","68.4%","53,040","68.9%"
"    62 years and over","282,705","17.0%","51,992","22.7%","214,500","18.7%","47,131","24.9%","149,748","15.1%","29,024","21.2%","29,183","16.0%","122,526","13.7%","19,040","12.7%","16,684","26.0%","1,672,597","16.5%","26,407","16.8%","67,191","25.7%","22,931","26.1%","37,637","13.8%","72,441","16.5%","31,518","22.4%","31,839","31.9%","564,552","17.7%","88,954","23.0%","412,618","17.0%","263,856","17.2%","309,122","14.3%","563,062","16.9%","167,009","18.9%","116,256","15.6%","67,122","23.7%","150,416","19.5%","81,457","18.2%","314,512","16.2%","53,454","19.4%","45,125","25.1%","84,934","19.1%","118,120","23.4%","86,075","15.7%","17,297","17.9%","62,161","13.4%","157,317","18.4%","32,653","14.9%","10,214","13.3%"
"    65 years and over","224,171","13.5%","41,423","18.1%","175,664","15.3%","38,457","20.3%","118,520","12.0%","23,095","16.9%","23,604","12.9%","94,975","10.6%","14,910","9.9%","14,239","22.2%","1,343,961","13.2%","21,213","13.5%","56,800","21.8%","19,007","21.6%","29,894","11.0%","57,822","13.2%","26,060","18.5%","26,455","26.5%","457,031","14.3%","73,917","19.1%","340,372","14.0%","209,286","13.7%","242,712","11.3%","454,528","13.6%","136,225","15.4%","93,442","12.5%","55,106","19.4%","122,207","15.8%","66,410","14.8%","255,147","13.2%","42,998","15.6%","36,596","20.3%","67,283","15.1%","94,943","18.8%","70,823","12.9%","14,546","15.1%","50,932","11.0%","127,712","15.0%","26,467","12.1%","8,584","11.1%"
"    18 years and over","1,318,528","1,318,528","183,425","183,425","885,425","885,425","151,238","151,238","707,572","707,572","110,659","110,659","130,279","130,279","633,897","633,897","109,134","109,134","51,078","51,078","7,938,602","7,938,602","114,310","114,310","208,687","208,687","69,097","69,097","192,159","192,159","322,764","322,764","111,489","111,489","82,531","82,531","2,484,401","2,484,401","299,917","299,917","1,807,056","1,807,056","1,166,304","1,166,304","1,585,734","1,585,734","2,609,157","2,609,157","765,779","765,779","542,289","542,289","232,615","232,615","611,146","611,146","348,438","348,438","1,508,072","1,508,072","222,471","222,471","141,226","141,226","346,399","346,399","404,521","404,521","399,662","399,662","71,584","71,584","320,768","320,768","655,560","655,560","172,888","172,888","55,990","55,990"
"        Male","641,502","48.7%","89,623","48.9%","427,574","48.3%","74,920","49.5%","349,566","49.4%","54,772","49.5%","66,237","50.8%","326,420","51.5%","61,767","56.6%","25,281","49.5%","3,871,702","48.8%","53,972","47.2%","101,053","48.4%","34,011","49.2%","96,778","50.4%","164,030","50.8%","54,662","49.0%","40,329","48.9%","1,213,661","48.9%","143,867","48.0%","892,327","49.4%","562,293","48.2%","781,616","49.3%","1,306,430","50.1%","390,164","50.9%","266,542","49.2%","117,453","50.5%","298,133","48.8%","173,284","49.7%","759,112","50.3%","109,423","49.2%","68,394","48.4%","170,877","49.3%","195,264","48.3%","195,541","48.9%","35,104","49.0%","159,290","49.7%","322,147","49.1%","82,925","48.0%","29,065","51.9%"
"        Female","677,026","51.3%","93,802","51.1%","457,851","51.7%","76,318","50.5%","358,006","50.6%","55,887","50.5%","64,042","49.2%","307,477","48.5%","47,367","43.4%","25,797","50.5%","4,066,900","51.2%","60,338","52.8%","107,634","51.6%","35,086","50.8%","95,381","49.6%","158,734","49.2%","56,827","51.0%","42,202","51.1%","1,270,740","51.1%","156,050","52.0%","914,729","50.6%","604,011","51.8%","804,118","50.7%","1,302,727","49.9%","375,615","49.1%","275,747","50.8%","115,162","49.5%","313,013","51.2%","175,154","50.3%","748,960","49.7%","113,048","50.8%","72,832","51.6%","175,522","50.7%","209,257","51.7%","204,121","51.1%","36,480","51.0%","161,478","50.3%","333,413","50.9%","89,963","52.0%","26,925","48.1%"
"        Sex ratio (males per 100 females)","94.8","(X)","95.5","(X)","93.4","(X)","98.2","(X)","97.6","(X)","98.0","(X)","103.4","(X)","106.2","(X)","130.4","(X)","98.0","(X)","95.2","(X)","89.4","(X)","93.9","(X)","96.9","(X)","101.5","(X)","103.3","(X)","96.2","(X)","95.6","(X)","95.5","(X)","92.2","(X)","97.6","(X)","93.1","(X)","97.2","(X)","100.3","(X)","103.9","(X)","96.7","(X)","102.0","(X)","95.2","(X)","98.9","(X)","101.4","(X)","96.8","(X)","93.9","(X)","97.4","(X)","93.3","(X)","95.8","(X)","96.2","(X)","98.6","(X)","96.6","(X)","92.2","(X)","107.9","(X)"
"    65 years and over","224,171","224,171","41,423","41,423","175,664","175,664","38,457","38,457","118,520","118,520","23,095","23,095","23,604","23,604","94,975","94,975","14,910","14,910","14,239","14,239","1,343,961","1,343,961","21,213","21,213","56,800","56,800","19,007","19,007","29,894","29,894","57,822","57,822","26,060","26,060","26,455","26,455","457,031","457,031","73,917","73,917","340,372","340,372","209,286","209,286","242,712","242,712","454,528","454,528","136,225","136,225","93,442","93,442","55,106","55,106","122,207","122,207","66,410","66,410","255,147","255,147","42,998","42,998","36,596","36,596","67,283","67,283","94,943","94,943","70,823","70,823","14,546","14,546","50,932","50,932","127,712","127,712","26,467","26,467","8,584","8,584"
"        Male","98,238","43.8%","18,576","44.8%","77,541","44.1%","18,477","48.0%","53,071","44.8%","10,644","46.1%","9,947","42.1%","43,578","45.9%","6,958","46.7%","7,002","49.2%","581,198","43.2%","9,975","47.0%","25,346","44.6%","8,930","47.0%","13,818","46.2%","26,098","45.1%","12,028","46.2%","12,742","48.2%","202,786","44.4%","32,820","44.4%","155,273","45.6%","90,302","43.1%","108,862","44.9%","201,808","44.4%","61,392","45.1%","40,672","43.5%","25,479","46.2%","53,241","43.6%","29,752","44.8%","113,390","44.4%","19,551","45.5%","16,588","45.3%","30,054","44.7%","42,099","44.3%","31,071","43.9%","6,314","43.4%","23,014","45.2%","57,105","44.7%","11,714","44.3%","4,491","52.3%"
"        Female","125,933","56.2%","22,847","55.2%","98,123","55.9%","19,980","52.0%","65,449","55.2%","12,451","53.9%","13,657","57.9%","51,397","54.1%","7,952","53.3%","7,237","50.8%","762,763","56.8%","11,238","53.0%","31,454","55.4%","10,077","53.0%","16,076","53.8%","31,724","54.9%","14,032","53.8%","13,713","51.8%","254,245","55.6%","41,097","55.6%","185,099","54.4%","118,984","56.9%","133,850","55.1%","252,720","55.6%","74,833","54.9%","52,770","56.5%","29,627","53.8%","68,966","56.4%","36,658","55.2%","141,757","55.6%","23,447","54.5%","20,008","54.7%","37,229","55.3%","52,844","55.7%","39,752","56.1%","8,232","56.6%","27,918","54.8%","70,607","55.3%","14,753","55.7%","4,093","47.7%"
"        Sex ratio (males per 100 females)","78.0","(X)","81.3","(X)","79.0","(X)","92.5","(X)","81.1","(X)","85.5","(X)","72.8","(X)","84.8","(X)","87.5","(X)","96.8","(X)","76.2","(X)","88.8","(X)","80.6","(X)","88.6","(X)","86.0","(X)","82.3","(X)","85.7","(X)","92.9","(X)","79.8","(X)","79.9","(X)","83.9","(X)","75.9","(X)","81.3","(X)","79.9","(X)","82.0","(X)","77.1","(X)","86.0","(X)","77.2","(X)","81.2","(X)","80.0","(X)","83.4","(X)","82.9","(X)","80.7","(X)","79.7","(X)","78.2","(X)","76.7","(X)","82.4","(X)","80.9","(X)","79.4","(X)","109.7","(X)"
"RACE","","","","","","","","","","","","","","","","","","","","","","","","","","","","","","","","","","","","","","","","","","","","","","","","","","","","","","","","","","","","","","","","","","","","","","","","","","","","","","","",""
"    Total population","1,663,190","1,663,190","229,294","229,294","1,147,439","1,147,439","188,987","188,987","989,255","989,255","136,754","136,754","182,830","182,830","893,119","893,119","150,101","150,101","64,246","64,246","10,163,507","10,163,507","156,890","156,890","260,955","260,955","88,018","88,018","272,673","272,673","437,907","437,907","140,973","140,973","99,814","99,814","3,190,400","3,190,400","386,166","386,166","2,423,266","2,423,266","1,530,615","1,530,615","2,157,404","2,157,404","3,337,685","3,337,685","884,363","884,363","745,424","745,424","283,405","283,405","771,410","771,410","448,150","448,150","1,938,153","1,938,153","275,897","275,897","179,921","179,921","445,458","445,458","504,217","504,217","547,899","547,899","96,648","96,648","464,493","464,493","854,223","854,223","219,116","219,116","77,031","77,031"
"        One race","1,552,809","93.4%","216,908","94.6%","1,062,031","92.6%","181,349","96.0%","947,205","95.7%","128,678","94.1%","176,396","96.5%","866,419","97.0%","143,828","95.8%","62,870","97.9%","9,783,595","96.3%","153,732","98.0%","246,826","94.6%","83,337","94.7%","261,466","95.9%","418,865","95.7%","135,120","95.8%","95,661","95.8%","3,054,872","95.8%","368,700","95.5%","2,311,754","95.4%","1,411,677","92.2%","2,049,833","95.0%","3,158,175","94.6%","833,605","94.3%","653,381","87.7%","272,324","96.1%","726,359","94.2%","428,071","95.5%","1,836,292","94.7%","263,518","95.5%","174,506","97.0%","415,441","93.3%","475,880","94.4%","525,120","95.8%","90,366","93.5%","446,512","96.1%","817,666","95.7%","203,838","93.0%","72,685","94.4%"
"        Two or more races","110,381","6.6%","12,386","5.4%","85,408","7.4%","7,638","4.0%","42,050","4.3%","8,076","5.9%","6,434","3.5%","26,700","3.0%","6,273","4.2%","1,376","2.1%","379,912","3.7%","3,158","2.0%","14,129","5.4%","4,681","5.3%","11,207","4.1%","19,042","4.3%","5,853","4.2%","4,153","4.2%","135,528","4.2%","17,466","4.5%","111,512","4.6%","118,938","7.8%","107,571","5.0%","179,510","5.4%","50,758","5.7%","92,043","12.3%","11,081","3.9%","45,051","5.8%","20,079","4.5%","101,861","5.3%","12,379","4.5%","5,415","3.0%","30,017","6.7%","28,337","5.6%","22,779","4.2%","6,282","6.5%","17,981","3.9%","36,557","4.3%","15,278","7.0%","4,346","5.6%"
"    One race","1,552,809","93.4%","216,908","94.6%","1,062,031","92.6%","181,349","96.0%","947,205","95.7%","128,678","94.1%","176,396","96.5%","866,419","97.0%","143,828","95.8%","62,870","97.9%","9,783,595","96.3%","153,732","98.0%","246,826","94.6%","83,337","94.7%","261,466","95.9%","418,865","95.7%","135,120","95.8%","95,661","95.8%","3,054,872","95.8%","368,700","95.5%","2,311,754","95.4%","1,411,677","92.2%","2,049,833","95.0%","3,158,175","94.6%","833,605","94.3%","653,381","87.7%","272,324","96.1%","726,359","94.2%","428,071","95.5%","1,836,292","94.7%","263,518","95.5%","174,506","97.0%","415,441","93.3%","475,880","94.4%","525,120","95.8%","90,366","93.5%","446,512","96.1%","817,666","95.7%","203,838","93.0%","72,685","94.4%"
"        White","661,879","39.8%","185,941","81.1%","655,634","57.1%","166,729","88.2%","648,874","65.6%","109,593","80.1%","106,980","58.5%","673,299","75.4%","100,972","67.3%","48,772","75.9%","5,047,869","49.7%","105,912","67.5%","199,666","76.5%","72,964","82.9%","151,255","55.5%","209,568","47.9%","104,581","74.2%","93,198","93.4%","1,899,657","59.5%","315,315","81.7%","1,371,769","56.6%","858,852","56.1%","1,322,703","61.3%","2,325,134","69.7%","402,967","45.6%","399,989","53.7%","244,081","86.1%","376,719","48.8%","344,963","77.0%","846,837","43.7%","200,879","72.8%","156,292","86.9%","233,792","52.5%","366,041","72.6%","425,003","77.6%","64,783","67.0%","352,858","76.0%","684,452","80.1%","151,351","69.1%","60,488","78.5%"
"        Black or African American","174,829","10.5%","4,188","1.8%","94,211","8.2%","1,645","0.9%","46,347","4.7%","1,821","1.3%","4,562","2.5%","47,820","5.4%","9,297","6.2%","1,388","2.2%","823,121","8.1%","5,644","3.6%","4,646","1.8%","775","0.9%","7,786","2.9%","11,199","2.6%","3,362","2.4%","489","0.5%","56,047","1.8%","6,325","1.6%","159,227","6.6%","148,713","9.7%","175,209","8.1%","165,577","5.0%","45,815","5.2%","53,882","7.2%","5,364","1.9%","18,758","2.4%","7,803","1.7%","49,943","2.6%","2,687","1.0%","2,873","1.6%","60,377","13.6%","8,256","1.6%","17,428","3.2%","2,278","2.4%","7,240","1.6%","17,028","2.0%","5,856","2.7%","3,588","4.7%"
"        American Indian and Alaska Native","10,993","0.7%","3,346","1.5%","5,355","0.5%","1,448","0.8%","9,657","1.0%","5,216","3.8%","1,575","0.9%","9,145","1.0%","2,476","1.6%","2,968","4.6%","73,839","0.7%","3,179","2.0%","1,001","0.4%","3,574","4.1%","2,883","1.1%","1,627","0.4%","949","0.7%","528","0.5%","16,541","0.5%","2,183","0.6%","19,874","0.8%","9,918","0.6%","20,073","0.9%","25,433","0.8%","3,078","0.3%","3,933","0.5%","3,382","1.2%","3,712","0.5%","3,680","0.8%","11,586","0.6%","1,887","0.7%","6,853","3.8%","1,951","0.4%","5,374","1.1%","4,161","0.8%","1,496","1.5%","5,390","1.2%","7,610","0.9%","940","0.4%","1,199","1.6%"
"            Cherokee tribal grouping","0","0.0%","0","0.0%","0","0.0%","0","0.0%","0","0.0%","0","0.0%","0","0.0%","0","0.0%","0","0.0%","0","0.0%","0","0.0%","0","0.0%","0","0.0%","0","0.0%","0","0.0%","0","0.0%","0","0.0%","0","0.0%","0","0.0%","0","0.0%","0","0.0%","0","0.0%","0","0.0%","0","0.0%","0","0.0%","0","0.0%","0","0.0%","0","0.0%","0","0.0%","0","0.0%","0","0.0%","0","0.0%","0","0.0%","0","0.0%","0","0.0%","0","0.0%","0","0.0%","0","0.0%","0","0.0%","0","0.0%"
"            Chippewa tribal grouping","0","0.0%","0","0.0%","0","0.0%","0","0.0%","0","0.0%","0","0.0%","0","0.0%","0","0.0%","0","0.0%","0","0.0%","0","0.0%","0","0.0%","0","0.0%","0","0.0%","0","0.0%","0","0.0%","0","0.0%","0","0.0%","0","0.0%","0","0.0%","0","0.0%","0","0.0%","0","0.0%","0","0.0%","0","0.0%","0","0.0%","0","0.0%","0","0.0%","0","0.0%","0","0.0%","0","0.0%","0","0.0%","0","0.0%","0","0.0%","0","0.0%","0","0.0%","0","0.0%","0","0.0%","0","0.0%","0","0.0%"
"            Navajo tribal grouping","0","0.0%","0","0.0%","0","0.0%","0","0.0%","0","0.0%","0","0.0%","0","0.0%","0","0.0%","0","0.0%","0","0.0%","0","0.0%","0","0.0%","0","0.0%","0","0.0%","0","0.0%","0","0.0%","0","0.0%","0","0.0%","0","0.0%","0","0.0%","0","0.0%","0","0.0%","0","0.0%","0","0.0%","0","0.0%","0","0.0%","0","0.0%","0","0.0%","0","0.0%","0","0.0%","0","0.0%","0","0.0%","0","0.0%","0","0.0%","0","0.0%","0","0.0%","0","0.0%","0","0.0%","0","0.0%","0","0.0%"
"            Sioux tribal grouping","0","0.0%","0","0.0%","0","0.0%","0","0.0%","0","0.0%","0","0.0%","0","0.0%","0","0.0%","0","0.0%","0","0.0%","0","0.0%","0","0.0%","0","0.0%","0","0.0%","0","0.0%","0","0.0%","0","0.0%","0","0.0%","0","0.0%","0","0.0%","0","0.0%","0","0.0%","0","0.0%","0","0.0%","0","0.0%","0","0.0%","0","0.0%","0","0.0%","0","0.0%","0","0.0%","0","0.0%","0","0.0%","0","0.0%","0","0.0%","0","0.0%","0","0.0%","0","0.0%","0","0.0%","0","0.0%","0","0.0%"
"        Asian","502,289","30.2%","11,961","5.2%","195,332","17.0%","8,316","4.4%","102,464","10.4%","4,363","3.2%","2,093","1.1%","45,271","5.1%","5,937","4.0%","1,062","1.7%","1,500,637","14.8%","3,730","2.4%","15,642","6.0%","1,796","2.0%","21,738","8.0%","24,056","5.5%","11,380","8.1%","504","0.5%","657,068","20.6%","29,727","7.7%","160,820","6.6%","237,209","15.5%","157,083","7.3%","403,200","12.1%","306,459","34.7%","114,582","15.4%","10,291","3.6%","221,757","28.7%","24,908","5.6%","705,366","36.4%","13,516","4.9%","5,640","3.1%","70,763","15.9%","20,424","4.1%","29,258","5.3%","16,109","16.7%","14,085","3.0%","65,149","7.6%","29,363","13.4%","4,780","6.2%"
"            Asian Indian","133,819","8.0%","602","0.3%","32,389","2.8%","2,763","1.5%","20,825","2.1%","N","N","N","N","9,387","1.1%","N","N","N","N","97,047","1.0%","385","0.2%","2,769","1.1%","N","N","3,963","1.5%","1,554","0.4%","1,712","1.2%","N","N","53,307","1.7%","8,270","2.1%","13,326","0.5%","35,657","2.3%","16,345","0.8%","45,847","1.4%","17,371","2.0%","21,738","2.9%","897","0.3%","26,271","3.4%","1,997","0.4%","184,614","9.5%","1,450","0.5%","641","0.4%","8,038","1.8%","3,009","0.6%","7,731","1.4%","N","N","725","0.2%","13,546","1.6%","4,720","2.2%","N","N"
"            Chinese","177,720","10.7%","324","0.1%","53,027","4.6%","1,542","0.8%","7,680","0.8%","N","N","N","N","4,030","0.5%","N","N","N","N","474,226","4.7%","603","0.4%","5,376","2.1%","N","N","1,000","0.4%","3,338","0.8%","725","0.5%","N","N","110,861","3.5%","5,397","1.4%","26,498","1.1%","52,974","3.5%","39,800","1.8%","67,695","2.0%","194,262","22.0%","11,106","1.5%","2,876","1.0%","88,013","11.4%","7,181","1.6%","198,527","10.2%","4,460","1.6%","2,102","1.2%","6,178","1.4%","4,080","0.8%","3,237","0.6%","N","N","1,099","0.2%","10,639","1.2%","10,259","4.7%","N","N"
"            Filipino","90,166","5.4%","1,663","0.7%","54,074","4.7%","2,557","1.4%","10,116","1.0%","N","N","N","N","20,772","2.3%","N","N","N","N","342,686","3.4%","1,586","1.0%","2,720","1.0%","N","N","1,516","0.6%","11,037","2.5%","6,185","4.4%","N","N","87,044","2.7%","8,272","2.1%","63,510","2.6%","42,876","2.8%","40,252","1.9%","158,155","4.7%","40,445","4.6%","36,998","5.0%","3,539","1.2%","74,702","9.7%","7,005","1.6%","91,762","4.7%","2,809","1.0%","405","0.2%","46,154","10.4%","4,565","0.9%","8,128","1.5%","N","N","8,367","1.8%","20,846","2.4%","3,906","1.8%","N","N"
"            Japanese","11,140","0.7%","244","0.1%","7,540","0.7%","285","0.2%","5,633","0.6%","N","N","N","N","707","0.1%","N","N","N","N","95,776","0.9%","96","0.1%","1,306","0.5%","N","N","400","0.1%","2,060","0.5%","451","0.3%","N","N","32,424","1.0%","1,606","0.4%","5,013","0.2%","9,888","0.6%","6,931","0.3%","22,600","0.7%","9,647","1.1%","1,744","0.2%","1,217","0.4%","8,155","1.1%","1,760","0.4%","29,715","1.5%","2,007","0.7%","432","0.2%","1,869","0.4%","1,691","0.3%","661","0.1%","N","N","598","0.1%","5,192","0.6%","912","0.4%","N","N"
"            Korean","19,995","1.2%","671","0.3%","9,018","0.8%","769","0.4%","1,490","0.2%","N","N","N","N","1,526","0.2%","N","N","N","N","216,776","2.1%","68","0.0%","1,471","0.6%","N","N","724","0.3%","2,063","0.5%","311","0.2%","N","N","95,609","3.0%","1,501","0.4%","11,783","0.5%","7,430","0.5%","13,671","0.6%","25,700","0.8%","11,057","1.3%","1,422","0.2%","736","0.3%","8,980","1.2%","3,433","0.8%","25,370","1.3%","791","0.3%","193","0.1%","1,228","0.3%","1,554","0.3%","942","0.2%","N","N","146","0.0%","4,475","0.5%","2,739","1.3%","N","N"
"            Vietnamese","28,810","1.7%","932","0.4%","12,261","1.1%","284","0.2%","3,529","0.4%","N","N","N","N","2,099","0.2%","N","N","N","N","103,037","1.0%","113","0.1%","667","0.3%","N","N","634","0.2%","1,879","0.4%","626","0.4%","N","N","225,847","7.1%","1,526","0.4%","17,288","0.7%","26,403","1.7%","13,939","0.6%","49,284","1.5%","14,702","1.7%","8,477","1.1%","329","0.1%","3,919","0.5%","1,501","0.3%","134,032","6.9%","613","0.2%","401","0.2%","3,656","0.8%","880","0.2%","2,056","0.4%","N","N","12","0.0%","3,183","0.4%","2,289","1.0%","N","N"
"            Other Asian","40,639","2.4%","7,525","3.3%","27,023","2.4%","116","0.1%","53,191","5.4%","N","N","N","N","6,750","0.8%","N","N","N","N","171,089","1.7%","879","0.6%","1,333","0.5%","N","N","13,501","5.0%","2,125","0.5%","1,370","1.0%","N","N","51,976","1.6%","3,155","0.8%","23,402","1.0%","61,981","4.0%","26,145","1.2%","33,919","1.0%","18,975","2.1%","33,097","4.4%","697","0.2%","11,717","1.5%","2,031","0.5%","41,346","2.1%","1,386","0.5%","1,466","0.8%","3,640","0.8%","4,645","0.9%","6,503","1.2%","N","N","3,138","0.7%","7,268","0.9%","4,538","2.1%","N","N"
"        Native Hawaiian and Other Pacific Islander","13,090","0.8%","228","0.1%","5,979","0.5%","0","0.0%","1,622","0.2%","1,707","1.2%","952","0.5%","1,518","0.2%","23","0.0%","49","0.1%","27,950","0.3%","25","0.0%","93","0.0%","289","0.3%","431","0.2%","1,678","0.4%","365","0.3%","150","0.2%","8,477","0.3%","1,695","0.4%","6,449","0.3%","18,242","1.2%","6,396","0.3%","13,884","0.4%","3,639","0.4%","5,136","0.7%","254","0.1%","11,254","1.5%","337","0.1%","6,105","0.3%","292","0.1%","177","0.1%","4,314","1.0%","2,015","0.4%","3,683","0.7%","904","0.9%","428","0.1%","1,150","0.1%","1,165","0.5%","297","0.4%"
"            Native Hawaiian","3,582","0.2%","N","N","1,400","0.1%","N","N","N","N","N","N","N","N","N","N","N","N","N","N","6,911","0.1%","N","N","N","N","N","N","N","N","N","N","N","N","N","N","1,968","0.1%","N","N","1,182","0.0%","847","0.1%","919","0.0%","3,800","0.1%","304","0.0%","1,358","0.2%","N","N","0","0.0%","N","N","646","0.0%","N","N","N","N","495","0.1%","266","0.1%","N","N","N","N","N","N","N","N","N","N","N","N"
"            Guamanian or Chamorro","1,341","0.1%","N","N","296","0.0%","N","N","N","N","N","N","N","N","N","N","N","N","N","N","2,692","0.0%","N","N","N","N","N","N","N","N","N","N","N","N","N","N","1,340","0.0%","N","N","2,255","0.1%","967","0.1%","370","0.0%","4,135","0.1%","1,116","0.1%","770","0.1%","N","N","602","0.1%","N","N","1,203","0.1%","N","N","N","N","1,391","0.3%","121","0.0%","N","N","N","N","N","N","N","N","N","N","N","N"
"            Samoan","3,135","0.2%","N","N","1,260","0.1%","N","N","N","N","N","N","N","N","N","N","N","N","N","N","7,894","0.1%","N","N","N","N","N","N","N","N","N","N","N","N","N","N","2,994","0.1%","N","N","2,143","0.1%","2,853","0.2%","2,808","0.1%","2,834","0.1%","1,865","0.2%","1,051","0.1%","N","N","1,510","0.2%","N","N","1,412","0.1%","N","N","N","N","501","0.1%","86","0.0%","N","N","N","N","N","N","N","N","N","N","N","N"
"            Other Pacific Islander","5,032","0.3%","N","N","3,023","0.3%","N","N","N","N","N","N","N","N","N","N","N","N","N","N","10,453","0.1%","N","N","N","N","N","N","N","N","N","N","N","N","N","N","2,175","0.1%","N","N","869","0.0%","13,575","0.9%","2,299","0.1%","3,115","0.1%","354","0.0%","1,957","0.3%","N","N","9,142","1.2%","N","N","2,844","0.1%","N","N","N","N","1,927","0.4%","1,542","0.3%","N","N","N","N","N","N","N","N","N","N","N","N"
"        Some other race","189,729","11.4%","11,244","4.9%","105,520","9.2%","3,211","1.7%","138,241","14.0%","5,978","4.4%","60,234","32.9%","89,366","10.0%","25,123","16.7%","8,631","13.4%","2,310,179","22.7%","35,242","22.5%","25,778","9.9%","3,939","4.5%","77,373","28.4%","170,737","39.0%","14,483","10.3%","792","0.8%","417,082","13.1%","13,455","3.5%","593,615","24.5%","138,743","9.1%","368,369","17.1%","224,947","6.7%","71,647","8.1%","75,859","10.2%","8,952","3.2%","94,159","12.2%","46,380","10.3%","216,455","11.2%","44,257","16.0%","2,671","1.5%","44,244","9.9%","73,770","14.6%","45,587","8.3%","4,796","5.0%","66,511","14.3%","42,277","4.9%","15,163","6.9%","2,333","3.0%"
"    Two or more races","110,381","6.6%","12,386","5.4%","85,408","7.4%","7,638","4.0%","42,050","4.3%","8,076","5.9%","6,434","3.5%","26,700","3.0%","6,273","4.2%","1,376","2.1%","379,912","3.7%","3,158","2.0%","14,129","5.4%","4,681","5.3%","11,207","4.1%","19,042","4.3%","5,853","4.2%","4,153","4.2%","135,528","4.2%","17,466","4.5%","111,512","4.6%","118,938","7.8%","107,571","5.0%","179,510","5.4%","50,758","5.7%","92,043","12.3%","11,081","3.9%","45,051","5.8%","20,079","4.5%","101,861","5.3%","12,379","4.5%","5,415","3.0%","30,017","6.7%","28,337","5.6%","22,779","4.2%","6,282","6.5%","17,981","3.9%","36,557","4.3%","15,278","7.0%","4,346","5.6%"
"        White and Black or African American","17,253","1.0%","1,422","0.6%","15,433","1.3%","881","0.5%","5,805","0.6%","850","0.6%","1,979","1.1%","5,379","0.6%","1,014","0.7%","169","0.3%","58,400","0.6%","209","0.1%","1,474","0.6%","639","0.7%","2,184","0.8%","2,621","0.6%","420","0.3%","150","0.2%","14,105","0.4%","2,074","0.5%","19,601","0.8%","24,354","1.6%","20,912","1.0%","27,163","0.8%","5,931","0.7%","6,664","0.9%","1,090","0.4%","4,105","0.5%","2,920","0.7%","8,766","0.5%","1,697","0.6%","321","0.2%","7,341","1.6%","3,188","0.6%","1,303","0.2%","1,074","1.1%","1,434","0.3%","4,965","0.6%","1,312","0.6%","188","0.2%"
"        White and American Indian and Alaska Native","6,767","0.4%","4,619","2.0%","7,008","0.6%","2,321","1.2%","10,728","1.1%","3,391","2.5%","772","0.4%","5,975","0.7%","1,372","0.9%","574","0.9%","39,020","0.4%","872","0.6%","2,227","0.9%","2,443","2.8%","2,167","0.8%","2,644","0.6%","1,264","0.9%","1,623","1.6%","14,420","0.5%","3,432","0.9%","13,245","0.5%","15,160","1.0%","16,483","0.8%","19,215","0.6%","3,667","0.4%","48,294","6.5%","1,952","0.7%","2,005","0.3%","5,000","1.1%","9,295","0.5%","2,996","1.1%","1,734","1.0%","3,445","0.8%","5,513","1.1%","4,291","0.8%","1,943","2.0%","4,062","0.9%","7,175","0.8%","2,970","1.4%","1,367","1.8%"
"        White and Asian","35,689","2.1%","2,298","1.0%","29,563","2.6%","2,847","1.5%","8,732","0.9%","1,141","0.8%","718","0.4%","5,112","0.6%","1,578","1.1%","125","0.2%","106,101","1.0%","213","0.1%","5,273","2.0%","601","0.7%","1,292","0.5%","5,952","1.4%","1,930","1.4%","1,744","1.7%","55,087","1.7%","7,089","1.8%","21,478","0.9%","34,422","2.2%","20,355","0.9%","61,598","1.8%","22,858","2.6%","13,848","1.9%","4,231","1.5%","20,259","2.6%","6,026","1.3%","44,686","2.3%","4,222","1.5%","1,488","0.8%","6,447","1.4%","7,493","1.5%","5,556","1.0%","845","0.9%","4,806","1.0%","13,871","1.6%","6,794","3.1%","1,465","1.9%"
"        Black or African American and American Indian and Alaska Native","2,408","0.1%","297","0.1%","1,682","0.1%","0","0.0%","402","0.0%","874","0.6%","53","0.0%","608","0.1%","381","0.3%","207","0.3%","10,010","0.1%","48","0.0%","629","0.2%","67","0.1%","0","0.0%","117","0.0%","0","0.0%","0","0.0%","700","0.0%","0","0.0%","550","0.0%","4,819","0.3%","3,651","0.2%","3,165","0.1%","439","0.0%","1,241","0.2%","1,294","0.5%","453","0.1%","208","0.0%","383","0.0%","36","0.0%","0","0.0%","379","0.1%","88","0.0%","0","0.0%","65","0.1%","223","0.0%","429","0.1%","385","0.2%","0","0.0%"
"    Race alone or in combination with one or more other races","","","","","","","","","","","","","","","","","","","","","","","","","","","","","","","","","","","","","","","","","","","","","","","","","","","","","","","","","","","","","","","","","","","","","","","","","","","","","","","",""
"        Total population","1,663,190","1,663,190","229,294","229,294","1,147,439","1,147,439","188,987","188,987","989,255","989,255","136,754","136,754","182,830","182,830","893,119","893,119","150,101","150,101","64,246","64,246","10,163,507","10,163,507","156,890","156,890","260,955","260,955","88,018","88,018","272,673","272,673","437,907","437,907","140,973","140,973","99,814","99,814","3,190,400","3,190,400","386,166","386,166","2,423,266","2,423,266","1,530,615","1,530,615","2,157,404","2,157,404","3,337,685","3,337,685","884,363","884,363","745,424","745,424","283,405","283,405","771,410","771,410","448,150","448,150","1,938,153","1,938,153","275,897","275,897","179,921","179,921","445,458","445,458","504,217","504,217","547,899","547,899","96,648","96,648","464,493","464,493","854,223","854,223","219,116","219,116","77,031","77,031"
"            White","747,095","44.9%","197,989","86.3%","726,386","63.3%","173,974","92.1%","684,948","69.2%","116,564","85.2%","113,026","61.8%","695,354","77.9%","106,633","71.0%","49,891","77.7%","5,341,489","52.6%","108,252","69.0%","212,445","81.4%","77,087","87.6%","160,783","59.0%","225,335","51.5%","109,349","77.6%","97,351","97.5%","2,014,418","63.1%","331,971","86.0%","1,465,086","60.5%","954,956","62.4%","1,409,204","65.3%","2,479,284","74.3%","445,584","50.4%","481,934","64.7%","253,277","89.4%","411,252","53.3%","362,409","80.9%","931,632","48.1%","212,679","77.1%","160,663","89.3%","257,704","57.9%","392,729","77.9%","445,416","81.3%","70,372","72.8%","369,226","79.5%","718,052","84.1%","165,067","75.3%","63,979","83.1%"
"            Black or African American","206,412","12.4%","7,130","3.1%","125,432","10.9%","2,868","1.5%","57,086","5.8%","4,213","3.1%","6,715","3.7%","56,499","6.3%","11,510","7.7%","1,764","2.7%","934,751","9.2%","6,160","3.9%","8,296","3.2%","1,536","1.7%","10,754","3.9%","15,719","3.6%","3,979","2.8%","763","0.8%","80,625","2.5%","9,235","2.4%","190,159","7.8%","191,928","12.5%","213,658","9.9%","213,289","6.4%","55,543","6.3%","66,868","9.0%","7,849","2.8%","26,994","3.5%","12,790","2.9%","66,398","3.4%","5,482","2.0%","3,695","2.1%","73,952","16.6%","13,243","2.6%","20,270","3.7%","3,623","3.7%","9,670","2.1%","24,506","2.9%","8,000","3.7%","4,537","5.9%"
"            American Indian and Alaska Native","27,089","1.6%","9,249","4.0%","20,173","1.8%","4,015","2.1%","24,451","2.5%","10,649","7.8%","2,713","1.5%","16,568","1.9%","4,969","3.3%","3,799","5.9%","155,620","1.5%","4,552","2.9%","5,282","2.0%","6,804","7.7%","5,855","2.1%","5,599","1.3%","2,476","1.8%","2,314","2.3%","38,513","1.2%","6,532","1.7%","41,433","1.7%","39,477","2.6%","47,345","2.2%","58,161","1.7%","11,857","1.3%","61,677","8.3%","6,852","2.4%","7,320","0.9%","9,659","2.2%","27,373","1.4%","6,299","2.3%","8,686","4.8%","7,503","1.7%","12,960","2.6%","10,312","1.9%","4,219","4.4%","10,487","2.3%","17,041","2.0%","4,751","2.2%","2,937","3.8%"
"            Asian","560,816","33.7%","14,559","6.3%","237,267","20.7%","11,657","6.2%","116,518","11.8%","5,827","4.3%","3,267","1.8%","54,529","6.1%","7,610","5.1%","1,187","1.8%","1,668,732","16.4%","4,422","2.8%","22,393","8.6%","2,854","3.2%","24,481","9.0%","33,744","7.7%","14,357","10.2%","2,393","2.4%","734,340","23.0%","38,377","9.9%","196,645","8.1%","291,131","19.0%","191,258","8.9%","493,553","14.8%","336,232","38.0%","139,395","18.7%","14,869","5.2%","253,805","32.9%","33,119","7.4%","768,263","39.6%","18,538","6.7%","7,711","4.3%","84,017","18.9%","30,403","6.0%","37,935","6.9%","17,375","18.0%","20,488","4.4%","81,841","9.6%","37,880","17.3%","6,993","9.1%"
"            Native Hawaiian and Other Pacific Islander","26,382","1.6%","863","0.4%","13,855","1.2%","951","0.5%","3,197","0.3%","1,874","1.4%","1,006","0.6%","2,850","0.3%","N","N","N","N","56,540","0.6%","N","N","N","N","449","0.5%","929","0.3%","3,763","0.9%","1,140","0.8%","655","0.7%","21,065","0.7%","3,637","0.9%","18,264","0.8%","29,685","1.9%","13,909","0.6%","34,347","1.0%","6,341","0.7%","9,814","1.3%","666","0.2%","18,220","2.4%","1,600","0.4%","16,729","0.9%","966","0.4%","1,120","0.6%","7,937","1.8%","3,953","0.8%","6,199","1.1%","1,345","1.4%","1,131","0.2%","3,080","0.4%","2,294","1.0%","384","0.5%"
"            Some other race","216,951","13.0%","13,252","5.8%","122,349","10.7%","3,650","1.9%","148,940","15.1%","6,963","5.1%","62,968","34.4%","95,960","10.7%","25,771","17.2%","8,836","13.8%","2,423,940","23.8%","36,581","23.3%","28,335","10.9%","4,282","4.9%","81,884","30.0%","174,931","39.9%","15,866","11.3%","885","0.9%","448,213","14.0%","15,324","4.0%","632,885","26.1%","159,056","10.4%","400,607","18.6%","258,667","7.7%","83,044","9.4%","86,250","11.6%","11,115","3.9%","103,288","13.4%","50,173","11.2%","240,171","12.4%","46,116","16.7%","3,539","2.0%","49,179","11.0%","83,054","16.5%","53,282","9.7%","6,530","6.8%","72,863","15.7%","48,388","5.7%","17,201","7.9%","2,786","3.6%"
"HISPANIC OR LATINO AND RACE","","","","","","","","","","","","","","","","","","","","","","","","","","","","","","","","","","","","","","","","","","","","","","","","","","","","","","","","","","","","","","","","","","","","","","","","","","","","","","","",""
"    Total population","1,663,190","1,663,190","229,294","229,294","1,147,439","1,147,439","188,987","188,987","989,255","989,255","136,754","136,754","182,830","182,830","893,119","893,119","150,101","150,101","64,246","64,246","10,163,507","10,163,507","156,890","156,890","260,955","260,955","88,018","88,018","272,673","272,673","437,907","437,907","140,973","140,973","99,814","99,814","3,190,400","3,190,400","386,166","386,166","2,423,266","2,423,266","1,530,615","1,530,615","2,157,404","2,157,404","3,337,685","3,337,685","884,363","884,363","745,424","745,424","283,405","283,405","771,410","771,410","448,150","448,150","1,938,153","1,938,153","275,897","275,897","179,921","179,921","445,458","445,458","504,217","504,217","547,899","547,899","96,648","96,648","464,493","464,493","854,223","854,223","219,116","219,116","77,031","77,031"
"        Hispanic or Latino (of any race)","373,672","22.5%","37,569","16.4%","294,584","25.7%","24,278","12.8%","525,935","53.2%","16,015","11.7%","154,058","84.3%","477,237","53.4%","82,293","54.8%","13,209","20.6%","4,939,605","48.6%","90,920","58.0%","42,076","16.1%","22,335","25.4%","162,490","59.6%","257,466","58.8%","48,325","34.3%","9,438","9.5%","1,091,887","34.2%","54,239","14.0%","1,188,993","49.1%","355,942","23.3%","1,152,510","53.4%","1,129,970","33.9%","134,705","15.2%","310,067","41.6%","64,128","22.6%","188,954","24.5%","204,559","45.6%","496,020","25.6%","93,586","33.9%","18,190","10.1%","118,198","26.5%","136,100","27.0%","253,776","46.3%","29,999","31.0%","300,646","64.7%","366,266","42.9%","69,602","31.8%","21,808","28.3%"
"            Mexican","274,538","16.5%","31,677","13.8%","183,170","16.0%","16,640","8.8%","489,629","49.5%","12,858","9.4%","148,812","81.4%","438,352","49.1%","77,799","51.8%","N","N","3,734,330","36.7%","87,181","55.6%","17,699","6.8%","19,928","22.6%","155,814","57.1%","242,423","55.4%","41,671","29.6%","N","N","946,786","29.7%","38,693","10.0%","1,049,842","43.3%","289,971","18.9%","992,923","46.0%","1,005,476","30.1%","72,060","8.1%","278,943","37.4%","57,097","20.1%","104,207","13.5%","186,485","41.6%","403,154","20.8%","84,244","30.5%","14,089","7.8%","94,785","21.3%","116,466","23.1%","237,161","43.3%","N","N","290,992","62.6%","327,105","38.3%","59,416","27.1%","19,352","25.1%"
"            Puerto Rican","11,063","0.7%","997","0.4%","7,984","0.7%","1,818","1.0%","2,924","0.3%","0","0.0%","1,094","0.6%","4,529","0.5%","441","0.3%","N","N","49,817","0.5%","821","0.5%","660","0.3%","331","0.4%","413","0.2%","1,227","0.3%","1,101","0.8%","N","N","13,266","0.4%","3,364","0.9%","22,024","0.9%","12,928","0.8%","18,747","0.9%","19,433","0.6%","4,790","0.5%","5,369","0.7%","535","0.2%","3,770","0.5%","1,671","0.4%","12,115","0.6%","1,238","0.4%","737","0.4%","3,685","0.8%","2,145","0.4%","1,887","0.3%","N","N","943","0.2%","5,868","0.7%","1,549","0.7%","533","0.7%"
"            Cuban","3,958","0.2%","0","0.0%","3,536","0.3%","119","0.1%","1,271","0.1%","259","0.2%","0","0.0%","861","0.1%","38","0.0%","N","N","43,873","0.4%","232","0.1%","1,070","0.4%","0","0.0%","552","0.2%","121","0.0%","39","0.0%","N","N","11,867","0.4%","388","0.1%","8,523","0.4%","3,783","0.2%","10,100","0.5%","4,763","0.1%","2,366","0.3%","1,331","0.2%","198","0.1%","1,636","0.2%","1,282","0.3%","2,372","0.1%","344","0.1%","134","0.1%","856","0.2%","824","0.2%","45","0.0%","N","N","418","0.1%","2,471","0.3%","45","0.0%","357","0.5%"
"            Other Hispanic or Latino","84,113","5.1%","4,895","2.1%","99,894","8.7%","5,701","3.0%","32,111","3.2%","2,898","2.1%","4,152","2.3%","33,495","3.8%","4,015","2.7%","N","N","1,111,585","10.9%","2,686","1.7%","22,647","8.7%","2,076","2.4%","5,711","2.1%","13,695","3.1%","5,514","3.9%","N","N","119,968","3.8%","11,794","3.1%","108,604","4.5%","49,260","3.2%","130,740","6.1%","100,298","3.0%","55,489","6.3%","24,424","3.3%","6,298","2.2%","79,341","10.3%","15,121","3.4%","78,379","4.0%","7,760","2.8%","3,230","1.8%","18,872","4.2%","16,665","3.3%","14,683","2.7%","N","N","8,293","1.8%","30,822","3.6%","8,592","3.9%","1,566","2.0%"
"        Not Hispanic or Latino","1,289,518","77.5%","191,725","83.6%","852,855","74.3%","164,709","87.2%","463,320","46.8%","120,739","88.3%","28,772","15.7%","415,882","46.6%","67,808","45.2%","51,037","79.4%","5,223,902","51.4%","65,970","42.0%","218,879","83.9%","65,683","74.6%","110,183","40.4%","180,441","41.2%","92,648","65.7%","90,376","90.5%","2,098,513","65.8%","331,927","86.0%","1,234,273","50.9%","1,174,673","76.7%","1,004,894","46.6%","2,207,715","66.1%","749,658","84.8%","435,357","58.4%","219,277","77.4%","582,456","75.5%","243,591","54.4%","1,442,133","74.4%","182,311","66.1%","161,731","89.9%","327,260","73.5%","368,117","73.0%","294,123","53.7%","66,649","69.0%","163,847","35.3%","487,957","57.1%","149,514","68.2%","55,223","71.7%"
"            White alone","520,664","31.3%","165,106","72.0%","500,221","43.6%","146,964","77.8%","289,646","29.3%","101,537","74.2%","19,006","10.4%","302,870","33.9%","47,647","31.7%","45,240","70.4%","2,644,767","26.0%","52,859","33.7%","183,502","70.3%","57,034","64.8%","75,083","27.5%","130,362","29.8%","73,702","52.3%","84,694","84.9%","1,287,395","40.4%","280,586","72.7%","851,484","35.1%","683,662","44.7%","613,549","28.4%","1,512,229","45.3%","355,706","40.2%","235,440","31.6%","194,713","68.7%","300,727","39.0%","197,611","44.1%","607,855","31.4%","157,205","57.0%","143,115","79.5%","168,646","37.9%","313,301","62.1%","229,491","41.9%","44,416","46.0%","131,717","28.4%","385,085","45.1%","101,875","46.5%","41,978","54.5%"
"            Black or African American alone","169,718","10.2%","4,123","1.8%","89,378","7.8%","1,624","0.9%","44,638","4.5%","1,821","1.3%","4,013","2.2%","44,601","5.0%","8,653","5.8%","995","1.5%","794,235","7.8%","5,545","3.5%","4,379","1.7%","775","0.9%","7,432","2.7%","10,551","2.4%","3,045","2.2%","394","0.4%","52,246","1.6%","5,951","1.5%","147,495","6.1%","142,022","9.3%","167,255","7.8%","153,740","4.6%","44,460","5.0%","50,693","6.8%","4,419","1.6%","17,251","2.2%","7,136","1.6%","47,234","2.4%","2,324","0.8%","2,809","1.6%","59,298","13.3%","8,133","1.6%","16,199","3.0%","1,955","2.0%","6,308","1.4%","14,356","1.7%","5,378","2.5%","3,296","4.3%"
"            American Indian and Alaska Native alone","5,495","0.3%","2,047","0.9%","2,545","0.2%","1,035","0.5%","3,703","0.4%","5,032","3.7%","1,142","0.6%","4,629","0.5%","1,016","0.7%","2,528","3.9%","23,470","0.2%","2,299","1.5%","468","0.2%","2,462","2.8%","1,157","0.4%","582","0.1%","380","0.3%","512","0.5%","5,735","0.2%","1,762","0.5%","11,358","0.5%","4,611","0.3%","8,031","0.4%","12,699","0.4%","1,617","0.2%","1,337","0.2%","1,809","0.6%","1,365","0.2%","1,264","0.3%","3,797","0.2%","423","0.2%","5,413","3.0%","1,080","0.2%","3,324","0.7%","1,774","0.3%","1,032","1.1%","3,058","0.7%","2,094","0.2%","705","0.3%","1,057","1.4%"
"            Asian alone","499,513","30.0%","11,287","4.9%","191,489","16.7%","8,245","4.4%","100,253","10.1%","4,363","3.2%","1,990","1.1%","42,735","4.8%","5,753","3.8%","1,062","1.7%","1,482,797","14.6%","3,246","2.1%","15,533","6.0%","1,796","2.0%","20,825","7.6%","23,741","5.4%","11,209","8.0%","504","0.5%","649,015","20.3%","29,242","7.6%","155,732","6.4%","233,337","15.2%","152,274","7.1%","394,340","11.8%","303,501","34.3%","111,968","15.0%","10,108","3.6%","217,702","28.2%","23,819","5.3%","702,503","36.2%","12,970","4.7%","5,435","3.0%","69,578","15.6%","20,079","4.0%","28,738","5.2%","15,996","16.6%","13,483","2.9%","61,477","7.2%","28,846","13.2%","4,593","6.0%"
"            Native Hawaiian and Other Pacific Islander alone","12,454","0.7%","157","0.1%","5,282","0.5%","0","0.0%","1,526","0.2%","1,432","1.0%","763","0.4%","1,395","0.2%","23","0.0%","49","0.1%","24,573","0.2%","25","0.0%","93","0.0%","289","0.3%","233","0.1%","1,678","0.4%","365","0.3%","150","0.2%","7,426","0.2%","211","0.1%","4,664","0.2%","18,072","1.2%","6,271","0.3%","12,808","0.4%","3,158","0.4%","3,987","0.5%","254","0.1%","10,821","1.4%","262","0.1%","5,388","0.3%","85","0.0%","141","0.1%","4,091","0.9%","1,755","0.3%","3,406","0.6%","407","0.4%","334","0.1%","837","0.1%","1,078","0.5%","297","0.4%"
"            Some other race alone","6,162","0.4%","263","0.1%","3,471","0.3%","90","0.0%","1,644","0.2%","155","0.1%","315","0.2%","2,017","0.2%","601","0.4%","0","0.0%","29,496","0.3%","363","0.2%","4,812","1.8%","102","0.1%","307","0.1%","190","0.0%","145","0.1%","329","0.3%","4,439","0.1%","496","0.1%","8,014","0.3%","4,471","0.3%","3,553","0.2%","8,019","0.2%","5,267","0.6%","1,531","0.2%","121","0.0%","2,171","0.3%","1,219","0.3%","5,727","0.3%","587","0.2%","223","0.1%","1,783","0.4%","5,560","1.1%","51","0.0%","280","0.3%","559","0.1%","1,141","0.1%","207","0.1%","306","0.4%"
"            Two or more races","75,512","4.5%","8,742","3.8%","60,469","5.3%","6,751","3.6%","21,910","2.2%","6,399","4.7%","1,543","0.8%","17,635","2.0%","4,115","2.7%","1,163","1.8%","224,564","2.2%","1,633","1.0%","10,092","3.9%","3,225","3.7%","5,146","1.9%","13,337","3.0%","3,802","2.7%","3,793","3.8%","92,257","2.9%","13,679","3.5%","55,526","2.3%","88,498","5.8%","53,961","2.5%","113,880","3.4%","35,949","4.1%","30,401","4.1%","7,853","2.8%","32,419","4.2%","12,280","2.7%","69,629","3.6%","8,717","3.2%","4,595","2.6%","22,784","5.1%","15,965","3.2%","14,464","2.6%","2,563","2.7%","8,388","1.8%","22,967","2.7%","11,425","5.2%","3,696","4.8%"
"                Two races including Some other race","4,580","0.3%","51","0.0%","2,557","0.2%","107","0.1%","1,689","0.2%","104","0.1%","0","0.0%","1,073","0.1%","36","0.0%","73","0.1%","13,196","0.1%","629","0.4%","506","0.2%","69","0.1%","227","0.1%","74","0.0%","345","0.2%","41","0.0%","7,046","0.2%","176","0.0%","3,443","0.1%","1,668","0.1%","2,399","0.1%","2,852","0.1%","1,596","0.2%","2,301","0.3%","395","0.1%","1,714","0.2%","333","0.1%","4,745","0.2%","128","0.0%","251","0.1%","817","0.2%","1,157","0.2%","801","0.1%","0","0.0%","421","0.1%","889","0.1%","330","0.2%","186","0.2%"
"                Two races excluding Some other race, and Three or more races","70,932","4.3%","8,691","3.8%","57,912","5.0%","6,644","3.5%","20,221","2.0%","6,295","4.6%","1,543","0.8%","16,562","1.9%","4,079","2.7%","1,090","1.7%","211,368","2.1%","1,004","0.6%","9,586","3.7%","3,156","3.6%","4,919","1.8%","13,263","3.0%","3,457","2.5%","3,752","3.8%","85,211","2.7%","13,503","3.5%","52,083","2.1%","86,830","5.7%","51,562","2.4%","111,028","3.3%","34,353","3.9%","28,100","3.8%","7,458","2.6%","30,705","4.0%","11,947","2.7%","64,884","3.3%","8,589","3.1%","4,344","2.4%","21,967","4.9%","14,808","2.9%","13,663","2.5%","2,563","2.7%","7,967","1.7%","22,078","2.6%","11,095","5.1%","3,510","4.6%"
"    Total housing units","606,053","(X)","99,405","(X)","414,055","(X)","90,311","(X)","330,958","(X)","63,012","(X)","57,742","(X)","297,873","(X)","46,399","(X)","35,943","(X)","3,542,835","(X)","50,582","(X)","113,128","(X)","41,111","(X)","85,267","(X)","141,653","(X)","55,858","(X)","53,869","(X)","1,102,088","(X)","163,927","(X)","840,273","(X)","569,768","(X)","719,259","(X)","1,214,271","(X)","397,566","(X)","242,821","(X)","121,918","(X)","278,093","(X)","157,049","(X)","671,151","(X)","106,329","(X)","78,846","(X)","157,915","(X)","209,308","(X)","181,595","(X)","34,404","(X)","148,986","(X)","288,778","(X)","77,948","(X)","28,604","(X)"
"CITIZEN, VOTING AGE POPULATION","","","","","","","","","","","","","","","","","","","","","","","","","","","","","","","","","","","","","","","","","","","","","","","","","","","","","","","","","","","","","","","","","","","","","","","","","","","","","","","",""
"    Citizen, 18 and over population","1,071,517","1,071,517","176,441","176,441","765,072","765,072","145,060","145,060","596,416","596,416","107,347","107,347","104,826","104,826","526,018","526,018","89,896","89,896","49,019","49,019","6,370,846","6,370,846","95,561","95,561","186,692","186,692","61,921","61,921","152,613","152,613","229,442","229,442","97,621","97,621","80,677","80,677","2,077,742","2,077,742","285,116","285,116","1,562,858","1,562,858","1,035,911","1,035,911","1,373,514","1,373,514","2,280,121","2,280,121","655,892","655,892","465,749","465,749","220,267","220,267","504,076","504,076","287,001","287,001","1,182,679","1,182,679","191,635","191,635","135,557","135,557","311,901","311,901","358,535","358,535","341,353","341,353","62,523","62,523","257,930","257,930","571,479","571,479","148,129","148,129","51,072","51,072"
"        Male","515,814","48.1%","86,236","48.9%","370,162","48.4%","72,130","49.7%","289,248","48.5%","53,200","49.6%","54,713","52.2%","270,975","51.5%","50,574","56.3%","23,706","48.4%","3,094,251","48.6%","44,686","46.8%","89,970","48.2%","30,137","48.7%","77,440","50.7%","114,725","50.0%","47,170","48.3%","39,223","48.6%","1,010,771","48.6%","136,892","48.0%","773,208","49.5%","497,760","48.1%","675,352","49.2%","1,147,183","50.3%","330,863","50.4%","227,629","48.9%","112,503","51.1%","244,865","48.6%","143,668","50.1%","590,881","50.0%","92,936","48.5%","65,274","48.2%","153,776","49.3%","171,985","48.0%","166,420","48.8%","31,041","49.6%","126,103","48.9%","278,161","48.7%","69,365","46.8%","26,930","52.7%"
"        Female","555,703","51.9%","90,205","51.1%","394,910","51.6%","72,930","50.3%","307,168","51.5%","54,147","50.4%","50,113","47.8%","255,043","48.5%","39,322","43.7%","25,313","51.6%","3,276,595","51.4%","50,875","53.2%","96,722","51.8%","31,784","51.3%","75,173","49.3%","114,717","50.0%","50,451","51.7%","41,454","51.4%","1,066,971","51.4%","148,224","52.0%","789,650","50.5%","538,151","51.9%","698,162","50.8%","1,132,938","49.7%","325,029","49.6%","238,120","51.1%","107,764","48.9%","259,211","51.4%","143,333","49.9%","591,798","50.0%","98,699","51.5%","70,283","51.8%","158,125","50.7%","186,550","52.0%","174,933","51.2%","31,482","50.4%","131,827","51.1%","293,318","51.3%","78,764","53.2%","24,142","47.3%"